time,futOpen,futHigh,futLow,futClose,futVolume,spotOpen,spotHigh,spotLow,spotClose,spotVolume,hiFP,loFP,fp
2026-10-06 14:00:00,0.56275,0.5634,0.5627,0.56335,2727,0.561766,0.562303,0.561671,0.562303,0,0.001728,0.000397,0.001047
2026-10-06 15:00:00,0.56335,0.564,0.5633,0.5636,1326,0.562366,0.562936,0.562335,0.56262,0,0.001665,0.000364,0.00098
2026-10-06 16:00:00,0.5637,0.56375,0.5633,0.56335,895,0.562651,0.562683,0.56224,0.56224,0,0.00151,0.000617,0.00111
2026-10-06 17:00:00,0.56335,0.56385,0.5633,0.5638,746,0.562303,0.562525,0.56224,0.56243,0,0.00161,0.000775,0.00137
2026-10-06 18:00:00,0.5638,0.56385,0.5635,0.5638,1005,0.562778,0.562873,0.562556,0.562715,0,0.001294,0.000627,0.001085
2026-10-06 19:00:00,0.56375,0.5639,0.56345,0.56355,951,0.562841,0.562936,0.562461,0.562556,0,0.001439,0.000514,0.000994
2026-10-06 20:00:00,0.56355,0.56365,0.56335,0.56345,429,0.562588,0.56262,0.562335,0.562525,0,0.001315,0.00073,0.000925
2026-10-06 22:00:00,0.56355,0.5638,0.56355,0.56355,0,0.562715,0.562778,0.562588,0.562588,0,0.001212,0.000772,0.000962
2026-10-06 23:00:00,0.5636,0.5637,0.56335,0.56335,410,0.562588,0.562683,0.56243,0.562461,0,0.00127,0.000667,0.000889
2026-10-07 00:00:00,0.56335,0.5636,0.56285,0.5629,1323,0.562398,0.562588,0.561861,0.561924,0,0.001739,0.000262,0.000976
2026-10-07 01:00:00,0.5629,0.5632,0.5626,0.5626,471,0.561798,0.562145,0.561545,0.561608,0,0.001655,0.000455,0.000992
2026-10-07 02:00:00,0.5626,0.5626,0.562,0.56205,666,0.561514,0.561514,0.561073,0.561167,0,0.001527,0.000486,0.000883
2026-10-07 03:00:00,0.5621,0.56235,0.56205,0.5621,249,0.561104,0.561262,0.561073,0.561073,0,0.001277,0.000788,0.001027
2026-10-07 04:00:00,0.56205,0.5621,0.56165,0.56175,406,0.561073,0.561104,0.560664,0.560758,0,0.001436,0.000546,0.000992
2026-10-07 05:00:00,0.56175,0.56185,0.56155,0.5616,408,0.560664,0.56079,0.56057,0.560664,0,0.00128,0.00076,0.000936
2026-10-07 06:00:00,0.56155,0.56225,0.56135,0.56215,820,0.56057,0.561199,0.56035,0.561199,0,0.0019,0.000151,0.000951
2026-10-07 07:00:00,0.5621,0.5621,0.56155,0.562,2523,0.560947,0.561104,0.560601,0.560853,0,0.001499,0.000446,0.001147
2026-10-07 08:00:00,0.562,0.5621,0.5614,0.56195,1416,0.560947,0.56101,0.56035,0.560915,0,0.00175,0.00039,0.001035
2026-10-07 09:00:00,0.5619,0.5622,0.56145,0.5618,807,0.560884,0.561167,0.560538,0.560538,0,0.001662,0.000283,0.001262
2026-10-07 10:00:00,0.5618,0.56195,0.5612,0.5613,682,0.560758,0.560915,0.560193,0.560255,0,0.001757,0.000285,0.001045
2026-10-07 11:00:00,0.5612,0.56125,0.56045,0.56085,1692,0.560193,0.560193,0.559503,0.559848,0,0.001747,0.000257,0.001002
2026-10-07 12:00:00,0.56085,0.561,0.55975,0.56,2458,0.559942,0.559942,0.558753,0.559003,0,0.002247,-0.000192,0.000997
2026-10-07 13:00:00,0.56,0.56065,0.55995,0.56065,1982,0.559159,0.559534,0.559034,0.559409,0,0.001616,0.000416,0.001241
2026-10-07 14:00:00,0.56065,0.561,0.5602,0.5609,2883,0.559566,0.559973,0.559253,0.559816,0,0.001747,0.000227,0.001084
2026-10-07 15:00:00,0.56085,0.5612,0.5603,0.56085,3409,0.559754,0.559973,0.559347,0.559816,0,0.001853,0.000327,0.001034
2026-10-07 16:00:00,0.56085,0.5613,0.5605,0.56085,2275,0.559816,0.560287,0.559816,0.559816,0,0.001484,0.000213,0.001034
2026-10-07 17:00:00,0.56085,0.56155,0.5608,0.56125,2928,0.559848,0.56057,0.559848,0.560193,0,0.001702,0.00023,0.001057
2026-10-07 18:00:00,0.5613,0.56165,0.5612,0.5614,1769,0.560255,0.560664,0.560255,0.560475,0,0.001395,0.000536,0.000925
2026-10-07 19:00:00,0.56145,0.56155,0.5611,0.56115,1197,0.560507,0.560538,0.56013,0.560193,0,0.00142,0.000562,0.000957
2026-10-07 20:00:00,0.5611,0.56115,0.5609,0.56095,459,0.560193,0.560224,0.560004,0.560099,0,0.001146,0.000676,0.000851
2026-10-07 22:00:00,0.56125,0.56125,0.561,0.5611,0,0.560255,0.56035,0.56013,0.56013,0,0.00112,0.00065,0.00097
2026-10-07 23:00:00,0.56115,0.56125,0.56105,0.5611,196,0.560193,0.560318,0.560099,0.560193,0,0.001151,0.000732,0.000907
2026-10-08 00:00:00,0.5611,0.56115,0.56085,0.56085,551,0.560161,0.560193,0.55991,0.559973,0,0.00124,0.000657,0.000877
2026-10-08 01:00:00,0.5609,0.56185,0.56055,0.5618,713,0.560004,0.560915,0.55966,0.560915,0,0.00219,-0.000365,0.000885
2026-10-08 02:00:00,0.56175,0.56205,0.56135,0.56135,425,0.56079,0.561041,0.560412,0.560412,0,0.001638,0.000309,0.000938
2026-10-08 03:00:00,0.56145,0.5615,0.56105,0.56145,371,0.560538,0.560538,0.56013,0.560507,0,0.00137,0.000512,0.000943
2026-10-08 04:00:00,0.5614,0.56155,0.56115,0.5615,237,0.56057,0.560601,0.560255,0.560601,0,0.001295,0.000549,0.000899
2026-10-08 05:00:00,0.56145,0.5616,0.56055,0.5606,406,0.560538,0.560727,0.55966,0.55966,0,0.00194,-0.000177,0.00094
2026-10-08 06:00:00,0.56065,0.5611,0.5604,0.5605,657,0.559691,0.56013,0.559503,0.559628,0,0.001597,0.00027,0.000872
2026-10-08 07:00:00,0.56045,0.56075,0.56015,0.56045,1208,0.559503,0.559754,0.559284,0.559503,0,0.001466,0.000396,0.000947
2026-10-08 08:00:00,0.56045,0.5612,0.5603,0.56035,1300,0.559441,0.56013,0.559409,0.559441,0,0.001791,0.00017,0.000909
2026-10-08 09:00:00,0.56035,0.56065,0.55995,0.56005,809,0.559441,0.559722,0.559159,0.559159,0,0.001491,0.000228,0.000891
2026-10-08 10:00:00,0.5601,0.5601,0.55965,0.56,690,0.559128,0.55919,0.558847,0.559034,0,0.001253,0.00046,0.000966
2026-10-08 11:00:00,0.55995,0.55995,0.5593,0.55955,1471,0.558909,0.558909,0.55841,0.558597,0,0.00154,0.000391,0.000953
2026-10-08 12:00:00,0.55955,0.5604,0.55955,0.55995,2410,0.558722,0.559409,0.558722,0.559003,0,0.001678,0.000141,0.000947
2026-10-08 13:00:00,0.55995,0.561,0.5599,0.5609,1430,0.559097,0.560067,0.558971,0.559973,0,0.002029,-0.000167,0.000927
2026-10-08 14:00:00,0.5609,0.5624,0.56065,0.5614,4024,0.560004,0.561419,0.559785,0.560475,0,0.002615,-0.000769,0.000925
2026-10-08 15:00:00,0.56135,0.56145,0.5603,0.5604,2120,0.560381,0.560475,0.559409,0.559441,0,0.002041,-0.000175,0.000959
2026-10-08 16:00:00,0.5604,0.5614,0.5601,0.56085,3319,0.559472,0.560067,0.559222,0.559754,0,0.002178,3.3e-05,0.001096
2026-10-08 17:00:00,0.56085,0.56185,0.56085,0.56155,1794,0.559942,0.560884,0.559942,0.560601,0,0.001908,-3.4e-05,0.000949
2026-10-08 18:00:00,0.56155,0.56155,0.561,0.56135,1389,0.56057,0.56057,0.560067,0.560444,0,0.001483,0.00043,0.000906
2026-10-08 19:00:00,0.56135,0.5615,0.56125,0.56145,1073,0.560507,0.560601,0.56035,0.560475,0,0.00115,0.000649,0.000975
2026-10-08 20:00:00,0.5615,0.5616,0.56125,0.5615,533,0.56057,0.560695,0.560412,0.560507,0,0.001188,0.000555,0.000993
2026-10-08 22:00:00,0.5612,0.5617,0.5612,0.5613,0,0.560287,0.560758,0.560287,0.560412,0,0.001413,0.000442,0.000888
2026-10-08 23:00:00,0.56135,0.56155,0.5613,0.56155,245,0.560444,0.560664,0.560381,0.560664,0,0.001169,0.000636,0.000886
2026-10-09 00:00:00,0.5615,0.5619,0.56125,0.5615,752,0.560695,0.560947,0.560444,0.560915,0,0.001456,0.000303,0.000585
2026-10-09 01:00:00,0.5618,0.5629,0.5618,0.56255,1048,0.560915,0.561956,0.560915,0.561608,0,0.001985,-0.000156,0.000942
2026-10-09 02:00:00,0.5625,0.56275,0.56235,0.56265,468,0.561545,0.561861,0.561514,0.561798,0,0.001236,0.000489,0.000852
2026-10-09 03:00:00,0.56265,0.563,0.56245,0.56295,772,0.561735,0.56205,0.561545,0.56205,0,0.001455,0.0004,0.0009
2026-10-09 04:00:00,0.563,0.5632,0.5629,0.56315,297,0.562019,0.562272,0.561987,0.562272,0,0.001213,0.000628,0.000878
2026-10-09 05:00:00,0.56315,0.5637,0.56315,0.56315,592,0.562303,0.562778,0.562303,0.562303,0,0.001397,0.000372,0.000847
2026-10-09 06:00:00,0.5632,0.5632,0.56245,0.56255,537,0.562208,0.562272,0.561577,0.561608,0,0.001623,0.000178,0.000942
2026-10-09 07:00:00,0.5626,0.563,0.56225,0.5625,1583,0.561766,0.562019,0.561356,0.561608,0,0.001644,0.000231,0.000892
2026-10-09 08:00:00,0.56245,0.5626,0.56205,0.5621,703,0.561514,0.561703,0.561167,0.56123,0,0.001433,0.000347,0.00087
2026-10-09 09:00:00,0.5621,0.56225,0.5619,0.5622,468,0.561104,0.56123,0.56101,0.561199,0,0.00124,0.00067,0.001001
2026-10-09 10:00:00,0.5622,0.56235,0.56195,0.562,832,0.561356,0.561419,0.561073,0.561073,0,0.001277,0.000531,0.000927
2026-10-09 11:00:00,0.56195,0.56275,0.5619,0.56265,801,0.561104,0.561861,0.561073,0.561703,0,0.001677,3.9e-05,0.000947
2026-10-09 12:00:00,0.5626,0.56275,0.5612,0.56155,3302,0.561798,0.561798,0.56035,0.56057,0,0.0024,-0.000598,0.00098
2026-10-09 13:00:00,0.5616,0.5618,0.5614,0.5617,1877,0.560821,0.560821,0.560538,0.560758,0,0.001262,0.000579,0.000942
2026-10-09 14:00:00,0.56165,0.562,0.5613,0.56165,1561,0.560695,0.56101,0.560444,0.56079,0,0.001556,0.00029,0.00086
2026-10-09 15:00:00,0.56165,0.56235,0.56165,0.56205,1185,0.560758,0.561419,0.560758,0.561136,0,0.001592,0.000231,0.000914
2026-10-09 16:00:00,0.56205,0.56205,0.56175,0.5619,692,0.561073,0.561073,0.560978,0.560978,0,0.001072,0.000677,0.000922
